{"cameraMode":{"drawMode":0,"name":"Shaded","section":"Shading Mode"},"sceneLighting":true,"audioPlay":false,"sceneViewState":{"m_AlwaysRefresh":false,"showFog":true,"showSkybox":true,"showFlares":true,"showImageEffects":true,"showParticleSystems":true,"showVisualEffectGraphs":true,"m_FxEnabled":true},"in2DMode":false,"pivot":{"x":-1.3737658262252808,"y":-8.591300964355469,"z":15.863130569458008},"rotation":{"x":0.23830237984657288,"y":-0.046598054468631747,"z":0.011441868729889393,"w":0.9700145125389099},"size":12.325627326965332,"orthographic":false}